Grupo_hclus,Presupuesto_2020,Presupuesto_Salud_2020,Prop_productosCD_2021,Cumplimiento_A1_2020-2021-06,Cumplimiento_A2_2020-2021-06,PropPortafolio,No_Inscritos,T_adq_Recet
1,475500000000,71447478785,0.8874336963883508,0.75,0.4166666666666667,0.7647058823529411,91,7.65411
2,2714000000000,978388352690,0.9616497630673989,1,1,1,1054,0.08181818181818182
3,787500000000,76457402894.41888,0.8360628394600574,0.9930555555555556,0.5802462962962963,0.9117647058823529,141.83333333333334,0.8468051662255036
4,868666666666.6666,23317232375,0.5349030694827572,0.9583333333333334,0.611111111111111,0.8235294117647058,60.666666666666664,96.66666666666667
5,201400000000,19011901713.128,0.9193532775076342,1,0.4,0.49411764705882355,12.4,3.4593068545454546
6,1667000000000,276624306576,0.8714631807149196,1,0,1,453,0.17674
NA,2811000000000,NA,NA,1,NA,0.9705882352941176,NA,NA
